path,included,exclusion_reason,domain,language,total_lines,relevant_lines,assigned_agent,review_pass_1,review_pass_2_if_required,reviewed_ranges,reviewed_lines,coverage_percent,security_relevant,runtime_relevant,database_relevant,integration_relevant,test_relevant,finding_count,status,notes
.dockerignore,yes,,runtime-devops,,13,13,A14-devops,PENDING,,,0,0,no,no,no,no,no,0,PENDING,
.env.example,yes,,runtime-devops,env,115,115,A14-devops,PENDING,,,0,0,no,no,no,no,no,0,PENDING,
.github/workflows/deploy.yml,yes,,runtime-devops,yaml,61,61,A14-devops,PENDING,,,0,0,no,yes,no,no,no,0,PENDING,
.github/workflows/test.yml,yes,,runtime-devops,yaml,90,90,A14-devops,PENDING,,,0,0,no,yes,no,no,no,0,PENDING,
.gitignore,yes,,runtime-devops,,175,175,A14-devops,PENDING,,,0,0,no,no,no,no,no,0,PENDING,
Dockerfile,yes,,runtime-devops,docker,24,24,A14-devops,PENDING,,,0,0,no,yes,no,no,no,0,PENDING,
app/__init__.py,yes,,crm-core,python,0,0,A01-core,PENDING,,,0,0,no,no,no,no,no,0,PENDING,
app/auth.py,yes,,crm-auth,python,250,250,A02-auth,PENDING,,,0,0,yes,no,no,no,no,0,PENDING,
app/config.py,yes,,crm-core,python,105,105,A01-core,PENDING,,,0,0,yes,yes,no,no,no,0,PENDING,
app/database.py,yes,,crm-core,python,41,41,A01-core,PENDING,,,0,0,no,no,yes,no,no,0,PENDING,
app/limiter.py,yes,,crm-core,python,18,18,A01-core,PENDING,,,0,0,yes,yes,no,no,no,0,PENDING,
app/main.py,yes,,crm-core,python,162,162,A01-core,PENDING,,,0,0,no,yes,no,no,no,0,PENDING,
app/models/__init__.py,yes,,crm-models,python,0,0,A03-models,PENDING,,,0,0,no,no,yes,no,no,0,PENDING,
app/models/chat.py,yes,,crm-models,python,40,40,A03-models,PENDING,,,0,0,no,no,yes,no,no,0,PENDING,
app/models/internal_task.py,yes,,crm-models,python,41,41,A03-models,PENDING,,,0,0,no,no,yes,no,no,0,PENDING,
app/models/lead.py,yes,,crm-models,python,50,50,A03-models,PENDING,,,0,0,no,no,yes,no,no,0,PENDING,
app/models/operational/__init__.py,yes,,crm-models,python,1,1,A03-models,PENDING,,,0,0,no,no,yes,no,no,0,PENDING,
app/models/operational/board.py,yes,,crm-models,python,85,85,A03-models,PENDING,,,0,0,no,no,yes,no,no,0,PENDING,
app/models/operational/card.py,yes,,crm-models,python,121,121,A03-models,PENDING,,,0,0,no,no,yes,no,no,0,PENDING,
app/models/operational/checklist.py,yes,,crm-models,python,66,66,A03-models,PENDING,,,0,0,no,no,yes,no,no,0,PENDING,
app/models/operational/notification.py,yes,,crm-models,python,107,107,A03-models,PENDING,,,0,0,no,no,yes,no,no,0,PENDING,
app/models/pipeline.py,yes,,crm-models,python,76,76,A03-models,PENDING,,,0,0,no,no,yes,no,no,0,PENDING,
app/models/segment.py,yes,,crm-models,python,41,41,A03-models,PENDING,,,0,0,no,no,yes,no,no,0,PENDING,
app/models/tag.py,yes,,crm-models,python,29,29,A03-models,PENDING,,,0,0,no,no,yes,no,no,0,PENDING,
app/models/task.py,yes,,crm-models,python,46,46,A03-models,PENDING,,,0,0,no,no,yes,no,no,0,PENDING,
app/models/team.py,yes,,crm-models,python,29,29,A03-models,PENDING,,,0,0,no,no,yes,no,no,0,PENDING,
app/models/user.py,yes,,crm-models,python,32,32,A03-models,PENDING,,,0,0,no,no,yes,no,no,0,PENDING,
app/query_filters.py,yes,,crm-core,python,64,64,A01-core,PENDING,,,0,0,no,no,yes,no,no,0,PENDING,
app/repositories/operational_board_repo.py,yes,,crm-operational,python,62,62,A06-operational,PENDING,,,0,0,no,no,yes,no,no,0,PENDING,
app/repositories/operational_card_repo.py,yes,,crm-operational,python,98,98,A06-operational,PENDING,,,0,0,no,no,yes,no,no,0,PENDING,
app/repositories/operational_checklist_repo.py,yes,,crm-operational,python,36,36,A06-operational,PENDING,,,0,0,no,no,yes,no,no,0,PENDING,
app/repositories/operational_comment_repo.py,yes,,crm-operational,python,27,27,A06-operational,PENDING,,,0,0,no,no,yes,no,no,0,PENDING,
app/repositories/operational_flow_repo.py,yes,,crm-operational,python,28,28,A06-operational,PENDING,,,0,0,no,no,yes,no,no,0,PENDING,
app/repositories/operational_notification_repo.py,yes,,crm-operational,python,33,33,A06-operational,PENDING,,,0,0,no,no,yes,no,no,0,PENDING,
app/routers/__init__.py,yes,,crm-routers,python,0,0,A04-routers,PENDING,,,0,0,no,no,no,no,no,0,PENDING,
app/routers/ai.py,yes,,crm-ai,python,548,548,A07-ai,PENDING,,,0,0,no,no,no,no,no,0,PENDING,
app/routers/analytics.py,yes,,crm-routers,python,213,213,A04-routers,PENDING,,,0,0,no,no,no,no,no,0,PENDING,
app/routers/auth.py,yes,,crm-auth,python,106,106,A02-auth,PENDING,,,0,0,yes,no,no,no,no,0,PENDING,
app/routers/internal_tasks.py,yes,,crm-ai,python,88,88,A07-ai,PENDING,,,0,0,no,no,no,no,no,0,PENDING,
app/routers/leads.py,yes,,crm-routers,python,878,878,A04-routers,PENDING,,,0,0,no,no,no,no,no,0,PENDING,
app/routers/operational_boards.py,yes,,crm-operational,python,238,238,A06-operational,PENDING,,,0,0,no,no,no,no,no,0,PENDING,
app/routers/operational_cards.py,yes,,crm-operational,python,366,366,A06-operational,PENDING,,,0,0,no,no,no,no,no,0,PENDING,
app/routers/operational_checklists.py,yes,,crm-operational,python,164,164,A06-operational,PENDING,,,0,0,no,no,no,no,no,0,PENDING,
app/routers/operational_comments.py,yes,,crm-operational,python,87,87,A06-operational,PENDING,,,0,0,no,no,no,no,no,0,PENDING,
app/routers/operational_flow.py,yes,,crm-operational,python,120,120,A06-operational,PENDING,,,0,0,no,no,no,no,no,0,PENDING,
app/routers/operational_notifications.py,yes,,crm-operational,python,73,73,A06-operational,PENDING,,,0,0,no,no,no,no,no,0,PENDING,
app/routers/operational_pages.py,yes,,crm-operational,python,34,34,A06-operational,PENDING,,,0,0,no,no,no,no,no,0,PENDING,
app/routers/operational_pending.py,yes,,crm-operational,python,29,29,A06-operational,PENDING,,,0,0,no,no,no,no,no,0,PENDING,
app/routers/pages.py,yes,,crm-routers,python,106,106,A04-routers,PENDING,,,0,0,no,no,no,no,no,0,PENDING,
app/routers/pipeline.py,yes,,crm-routers,python,788,788,A04-routers,PENDING,,,0,0,no,no,no,no,no,0,PENDING,
app/routers/segments.py,yes,,crm-routers,python,392,392,A04-routers,PENDING,,,0,0,no,no,no,no,no,0,PENDING,
app/routers/tags.py,yes,,crm-routers,python,182,182,A04-routers,PENDING,,,0,0,no,no,no,no,no,0,PENDING,
app/routers/tasks.py,yes,,crm-routers,python,116,116,A04-routers,PENDING,,,0,0,no,no,no,no,no,0,PENDING,
app/routers/teams.py,yes,,crm-routers,python,99,99,A04-routers,PENDING,,,0,0,no,no,no,no,no,0,PENDING,
app/routers/users.py,yes,,crm-routers,python,239,239,A04-routers,PENDING,,,0,0,no,no,no,no,no,0,PENDING,
app/schemas/__init__.py,yes,,crm-models,python,0,0,A03-models,PENDING,,,0,0,no,no,yes,no,no,0,PENDING,
app/schemas/internal_task.py,yes,,crm-models,python,84,84,A03-models,PENDING,,,0,0,no,no,yes,no,no,0,PENDING,
app/schemas/lead.py,yes,,crm-models,python,204,204,A03-models,PENDING,,,0,0,no,no,yes,no,no,0,PENDING,
app/schemas/operational.py,yes,,crm-models,python,284,284,A03-models,PENDING,,,0,0,no,no,yes,no,no,0,PENDING,
app/schemas/pipeline.py,yes,,crm-models,python,178,178,A03-models,PENDING,,,0,0,no,no,yes,no,no,0,PENDING,
app/schemas/segment.py,yes,,crm-models,python,64,64,A03-models,PENDING,,,0,0,no,no,yes,no,no,0,PENDING,
app/schemas/tag.py,yes,,crm-models,python,36,36,A03-models,PENDING,,,0,0,no,no,yes,no,no,0,PENDING,
app/schemas/task.py,yes,,crm-models,python,39,39,A03-models,PENDING,,,0,0,no,no,yes,no,no,0,PENDING,
app/schemas/team.py,yes,,crm-models,python,31,31,A03-models,PENDING,,,0,0,no,no,yes,no,no,0,PENDING,
app/schemas/user.py,yes,,crm-models,python,68,68,A03-models,PENDING,,,0,0,no,no,yes,no,no,0,PENDING,
app/seed.py,yes,,crm-core,python,45,45,A01-core,PENDING,,,0,0,yes,no,no,no,no,0,PENDING,
app/services/ai_tools.py,yes,,crm-ai,python,629,629,A07-ai,PENDING,,,0,0,no,no,no,yes,no,0,PENDING,
app/services/internal_ai_auth.py,yes,,crm-auth,python,88,88,A02-auth,PENDING,,,0,0,yes,no,no,no,no,0,PENDING,
app/services/internal_task_service.py,yes,,crm-ai,python,122,122,A07-ai,PENDING,,,0,0,no,no,no,no,no,0,PENDING,
app/services/mail_service.py,yes,,crm-ai,python,72,72,A07-ai,PENDING,,,0,0,no,no,no,yes,no,0,PENDING,
app/services/operational_board_service.py,yes,,crm-operational,python,71,71,A06-operational,PENDING,,,0,0,no,no,no,no,no,0,PENDING,
app/services/operational_card_service.py,yes,,crm-operational,python,241,241,A06-operational,PENDING,,,0,0,no,no,no,no,no,0,PENDING,
app/services/operational_checklist_service.py,yes,,crm-operational,python,144,144,A06-operational,PENDING,,,0,0,no,no,no,no,no,0,PENDING,
app/services/operational_comment_service.py,yes,,crm-operational,python,104,104,A06-operational,PENDING,,,0,0,no,no,no,no,no,0,PENDING,
app/services/operational_flow_service.py,yes,,crm-operational,python,99,99,A06-operational,PENDING,,,0,0,no,no,no,no,no,0,PENDING,
app/services/operational_notification_service.py,yes,,crm-operational,python,43,43,A06-operational,PENDING,,,0,0,no,no,no,no,no,0,PENDING,
app/services/operational_pending_service.py,yes,,crm-operational,python,30,30,A06-operational,PENDING,,,0,0,no,no,no,no,no,0,PENDING,
bna_agent_context/00_README.md,yes,,content-kb,markdown,88,88,A18-content,PENDING,,,0,0,no,no,no,no,no,0,PENDING,
bna_agent_context/00_persona/README.md,yes,,content-kb,markdown,14,14,A18-content,PENDING,,,0,0,no,no,no,no,no,0,PENDING,
bna_agent_context/00_persona/exemplos_dialogo.md,yes,,content-kb,markdown,73,73,A18-content,PENDING,,,0,0,no,no,no,no,no,0,PENDING,
bna_agent_context/00_persona/persona_bia.md,yes,,content-kb,markdown,49,49,A18-content,PENDING,,,0,0,no,no,no,no,no,0,PENDING,
bna_agent_context/00_persona/proibicoes_de_linguagem.md,yes,,content-kb,markdown,31,31,A18-content,PENDING,,,0,0,no,no,no,no,no,0,PENDING,
bna_agent_context/00_persona/tom_de_voz.md,yes,,content-kb,markdown,54,54,A18-content,PENDING,,,0,0,no,no,no,no,no,0,PENDING,
bna_agent_context/01_empresa/README.md,yes,,content-kb,markdown,12,12,A18-content,PENDING,,,0,0,no,no,no,no,no,0,PENDING,
bna_agent_context/01_empresa/canais_atendimento.md,yes,,content-kb,markdown,31,31,A18-content,PENDING,,,0,0,no,no,no,no,no,0,PENDING,
bna_agent_context/01_empresa/empresa.md,yes,,content-kb,markdown,34,34,A18-content,PENDING,,,0,0,no,no,no,no,no,0,PENDING,
bna_agent_context/01_empresa/proposta_de_valor.md,yes,,content-kb,markdown,30,30,A18-content,PENDING,,,0,0,no,no,no,no,no,0,PENDING,
bna_agent_context/02_destinos/README.md,yes,,content-kb,markdown,15,15,A18-content,PENDING,,,0,0,no,no,no,no,no,0,PENDING,
bna_agent_context/02_destinos/atacama.md,yes,,content-kb,markdown,66,66,A18-content,PENDING,,,0,0,no,no,no,no,no,0,PENDING,
bna_agent_context/02_destinos/logistica_geral.md,yes,,content-kb,markdown,42,42,A18-content,PENDING,,,0,0,no,no,no,no,no,0,PENDING,
bna_agent_context/02_destinos/melhor_epoca.md,yes,,content-kb,markdown,43,43,A18-content,PENDING,,,0,0,no,no,no,no,no,0,PENDING,
bna_agent_context/02_destinos/santiago.md,yes,,content-kb,markdown,64,64,A18-content,PENDING,,,0,0,no,no,no,no,no,0,PENDING,
bna_agent_context/02_destinos/uyuni.md,yes,,content-kb,markdown,69,69,A18-content,PENDING,,,0,0,no,no,no,no,no,0,PENDING,
bna_agent_context/03_tours/README.md,yes,,content-kb,markdown,34,34,A18-content,PENDING,,,0,0,no,no,no,no,no,0,PENDING,
bna_agent_context/03_tours/atacama_arcoiris.md,yes,,content-kb,markdown,30,30,A18-content,PENDING,,,0,0,no,no,no,no,no,0,PENDING,
bna_agent_context/03_tours/atacama_astronomico.md,yes,,content-kb,markdown,33,33,A18-content,PENDING,,,0,0,no,no,no,no,no,0,PENDING,
bna_agent_context/03_tours/atacama_especiais_vulcao_lascar_toco_trekking_bike_cascatas_cavalgadas.md,yes,,content-kb,markdown,78,78,A18-content,PENDING,,,0,0,no,no,no,no,no,0,PENDING,
bna_agent_context/03_tours/atacama_geisers_del_tatio.md,yes,,content-kb,markdown,39,39,A18-content,PENDING,,,0,0,no,no,no,no,no,0,PENDING,
bna_agent_context/03_tours/atacama_laguna_baltinache.md,yes,,content-kb,markdown,29,29,A18-content,PENDING,,,0,0,no,no,no,no,no,0,PENDING,
bna_agent_context/03_tours/atacama_laguna_cejar.md,yes,,content-kb,markdown,30,30,A18-content,PENDING,,,0,0,no,no,no,no,no,0,PENDING,
bna_agent_context/03_tours/atacama_lagunas_altiplanicas_piedras_rojas.md,yes,,content-kb,markdown,36,36,A18-content,PENDING,,,0,0,no,no,no,no,no,0,PENDING,
bna_agent_context/03_tours/atacama_puritama.md,yes,,content-kb,markdown,30,30,A18-content,PENDING,,,0,0,no,no,no,no,no,0,PENDING,
bna_agent_context/03_tours/atacama_rota_dos_salares.md,yes,,content-kb,markdown,36,36,A18-content,PENDING,,,0,0,no,no,no,no,no,0,PENDING,
bna_agent_context/03_tours/atacama_valle_de_la_luna.md,yes,,content-kb,markdown,30,30,A18-content,PENDING,,,0,0,no,no,no,no,no,0,PENDING,
bna_agent_context/03_tours/atacama_vallecito.md,yes,,content-kb,markdown,30,30,A18-content,PENDING,,,0,0,no,no,no,no,no,0,PENDING,
bna_agent_context/03_tours/santiago_neve.md,yes,,content-kb,markdown,80,80,A18-content,PENDING,,,0,0,no,no,no,no,no,0,PENDING,
bna_agent_context/03_tours/santiago_vinicolas.md,yes,,content-kb,markdown,52,52,A18-content,PENDING,,,0,0,no,no,no,no,no,0,PENDING,
bna_agent_context/03_tours/uyuni_expedicoes.md,yes,,content-kb,markdown,40,40,A18-content,PENDING,,,0,0,no,no,no,no,no,0,PENDING,
bna_agent_context/04_precos/README.md,yes,,content-kb,markdown,23,23,A18-content,PENDING,,,0,0,no,no,no,no,no,0,PENDING,
bna_agent_context/04_precos/pendencias_precos.md,yes,,content-kb,markdown,30,30,A18-content,PENDING,,,0,0,no,no,no,no,no,0,PENDING,
bna_agent_context/04_precos/precos_2026_atacama.md,yes,,content-kb,markdown,47,47,A18-content,PENDING,,,0,0,no,no,no,no,no,0,PENDING,
bna_agent_context/04_precos/precos_2026_santiago.md,yes,,content-kb,markdown,40,40,A18-content,PENDING,,,0,0,no,no,no,no,no,0,PENDING,
bna_agent_context/04_precos/precos_2026_uyuni.md,yes,,content-kb,markdown,41,41,A18-content,PENDING,,,0,0,no,no,no,no,no,0,PENDING,
bna_agent_context/04_precos/regras_de_preco.md,yes,,content-kb,markdown,31,31,A18-content,PENDING,,,0,0,no,no,no,no,no,0,PENDING,
bna_agent_context/05_politicas/README.md,yes,,content-kb,markdown,17,17,A18-content,PENDING,,,0,0,no,no,no,no,no,0,PENDING,
bna_agent_context/05_politicas/cancelamento.md,yes,,content-kb,markdown,61,61,A18-content,PENDING,,,0,0,no,no,no,no,no,0,PENDING,
bna_agent_context/05_politicas/desconto_pix.md,yes,,content-kb,markdown,32,32,A18-content,PENDING,,,0,0,no,no,no,no,no,0,PENDING,
bna_agent_context/05_politicas/lgpd_privacidade.md,yes,,content-kb,markdown,51,51,A18-content,PENDING,,,0,0,no,no,no,no,no,0,PENDING,
bna_agent_context/05_politicas/pagamento.md,yes,,content-kb,markdown,46,46,A18-content,PENDING,,,0,0,no,no,no,no,no,0,PENDING,
bna_agent_context/05_politicas/termos_e_condicoes.md,yes,,content-kb,markdown,55,55,A18-content,PENDING,,,0,0,no,no,no,no,no,0,PENDING,
bna_agent_context/06_saude_seguranca/README.md,yes,,content-kb,markdown,19,19,A18-content,PENDING,,,0,0,no,no,no,no,no,0,PENDING,
bna_agent_context/06_saude_seguranca/altitude.md,yes,,content-kb,markdown,50,50,A18-content,PENDING,,,0,0,no,no,no,no,no,0,PENDING,
bna_agent_context/06_saude_seguranca/criancas.md,yes,,content-kb,markdown,43,43,A18-content,PENDING,,,0,0,no,no,no,no,no,0,PENDING,
bna_agent_context/06_saude_seguranca/emergencias.md,yes,,content-kb,markdown,41,41,A18-content,PENDING,,,0,0,no,no,no,no,no,0,PENDING,
bna_agent_context/06_saude_seguranca/idosos.md,yes,,content-kb,markdown,34,34,A18-content,PENDING,,,0,0,no,no,no,no,no,0,PENDING,
bna_agent_context/06_saude_seguranca/restricoes_e_cuidados.md,yes,,content-kb,markdown,33,33,A18-content,PENDING,,,0,0,no,no,no,no,no,0,PENDING,
bna_agent_context/07_faq_objecoes/README.md,yes,,content-kb,markdown,16,16,A18-content,PENDING,,,0,0,no,no,no,no,no,0,PENDING,
bna_agent_context/07_faq_objecoes/faq_clientes.md,yes,,content-kb,markdown,71,71,A18-content,PENDING,,,0,0,no,no,no,no,no,0,PENDING,
bna_agent_context/07_faq_objecoes/objecoes_concorrencia.md,yes,,content-kb,markdown,38,38,A18-content,PENDING,,,0,0,no,no,no,no,no,0,PENDING,
bna_agent_context/07_faq_objecoes/objecoes_preco.md,yes,,content-kb,markdown,42,42,A18-content,PENDING,,,0,0,no,no,no,no,no,0,PENDING,
bna_agent_context/07_faq_objecoes/objecoes_seguranca.md,yes,,content-kb,markdown,43,43,A18-content,PENDING,,,0,0,no,no,no,no,no,0,PENDING,
bna_agent_context/07_faq_objecoes/quando_escalar.md,yes,,content-kb,markdown,42,42,A18-content,PENDING,,,0,0,no,no,no,no,no,0,PENDING,
bna_agent_context/08_operacao_agente/README.md,yes,,content-kb,markdown,15,15,A18-content,PENDING,,,0,0,no,no,no,no,no,0,PENDING,
bna_agent_context/08_operacao_agente/campos_obrigatorios_crm.md,yes,,content-kb,markdown,46,46,A18-content,PENDING,,,0,0,no,no,no,no,no,0,PENDING,
bna_agent_context/08_operacao_agente/fluxo_atendimento_bia.md,yes,,content-kb,markdown,48,48,A18-content,PENDING,,,0,0,no,no,no,no,no,0,PENDING,
bna_agent_context/08_operacao_agente/formato_resposta_whatsapp.md,yes,,content-kb,markdown,37,37,A18-content,PENDING,,,0,0,no,no,no,yes,no,0,PENDING,
bna_agent_context/08_operacao_agente/handoff_humano.md,yes,,content-kb,markdown,53,53,A18-content,PENDING,,,0,0,no,no,no,no,no,0,PENDING,
bna_agent_context/08_operacao_agente/uso_de_tools.md,yes,,content-kb,markdown,45,45,A18-content,PENDING,,,0,0,no,no,no,no,no,0,PENDING,
bna_agent_context/09_guardrails/README.md,yes,,content-kb,markdown,18,18,A18-content,PENDING,,,0,0,no,no,no,no,no,0,PENDING,
bna_agent_context/09_guardrails/dados_sensiveis.md,yes,,content-kb,markdown,29,29,A18-content,PENDING,,,0,0,no,no,no,no,no,0,PENDING,
bna_agent_context/09_guardrails/nao_negociar.md,yes,,content-kb,markdown,26,26,A18-content,PENDING,,,0,0,no,no,no,no,no,0,PENDING,
bna_agent_context/09_guardrails/nao_prometer_disponibilidade.md,yes,,content-kb,markdown,28,28,A18-content,PENDING,,,0,0,no,no,no,no,no,0,PENDING,
bna_agent_context/09_guardrails/nunca_inventar.md,yes,,content-kb,markdown,32,32,A18-content,PENDING,,,0,0,no,no,no,no,no,0,PENDING,
bna_agent_context/09_guardrails/politicas_criticas.md,yes,,content-kb,markdown,34,34,A18-content,PENDING,,,0,0,no,no,no,no,no,0,PENDING,
bna_agent_context/_meta/checklist_atualizacao.md,yes,,content-kb,markdown,45,45,A18-content,PENDING,,,0,0,no,no,no,no,no,0,PENDING,
bna_agent_context/_meta/mapa_de_arquivos.md,yes,,content-kb,markdown,66,66,A18-content,PENDING,,,0,0,no,no,no,no,no,0,PENDING,
bna_agent_context/_meta/pendencias_index.md,yes,,content-kb,markdown,111,111,A18-content,PENDING,,,0,0,no,no,no,no,no,0,PENDING,
bna_agent_context/_meta/pendencias_validacao.md,yes,,content-kb,markdown,90,90,A18-content,PENDING,,,0,0,no,no,no,no,no,0,PENDING,
bna_agent_context/_meta/schema_frontmatter.md,yes,,content-kb,markdown,44,44,A18-content,PENDING,,,0,0,no,no,no,no,no,0,PENDING,
bna_agent_context/_meta/system_prompt_futuro_curto.md,yes,,content-kb,markdown,95,95,A18-content,PENDING,,,0,0,no,no,no,no,no,0,PENDING,
conversas/.dockerignore,yes,,conv-runtime,,13,13,A14-devops,PENDING,,,0,0,no,no,no,no,no,0,PENDING,
conversas/Dockerfile,yes,,conv-runtime,docker,22,22,A14-devops,PENDING,,,0,0,no,yes,no,no,no,0,PENDING,
conversas/app/__init__.py,yes,,conv-core,python,1,1,A11-conv-core,PENDING,,,0,0,no,no,no,no,no,0,PENDING,
conversas/app/auth.py,yes,,conv-core,python,161,161,A11-conv-core,PENDING,,,0,0,yes,no,no,no,no,0,PENDING,
conversas/app/config.py,yes,,conv-core,python,44,44,A11-conv-core,PENDING,,,0,0,yes,yes,no,no,no,0,PENDING,
conversas/app/database.py,yes,,conv-core,python,28,28,A11-conv-core,PENDING,,,0,0,no,no,yes,no,no,0,PENDING,
conversas/app/main.py,yes,,conv-core,python,80,80,A11-conv-core,PENDING,,,0,0,no,yes,no,no,no,0,PENDING,
conversas/app/models/__init__.py,yes,,conv-models,python,1,1,A11-conv-core,PENDING,,,0,0,no,no,yes,no,no,0,PENDING,
conversas/app/models/api_config.py,yes,,conv-models,python,27,27,A11-conv-core,PENDING,,,0,0,yes,yes,yes,no,no,0,PENDING,
conversas/app/models/auto_reply.py,yes,,conv-models,python,44,44,A11-conv-core,PENDING,,,0,0,no,no,yes,no,no,0,PENDING,
conversas/app/models/conversation.py,yes,,conv-models,python,128,128,A11-conv-core,PENDING,,,0,0,no,no,yes,no,no,0,PENDING,
conversas/app/models/media_asset.py,yes,,conv-models,python,59,59,A11-conv-core,PENDING,,,0,0,no,no,yes,no,no,0,PENDING,
conversas/app/models/message_variable.py,yes,,conv-models,python,35,35,A11-conv-core,PENDING,,,0,0,no,no,yes,no,no,0,PENDING,
conversas/app/models/note.py,yes,,conv-models,python,36,36,A11-conv-core,PENDING,,,0,0,no,no,yes,no,no,0,PENDING,
conversas/app/models/quick_reply.py,yes,,conv-models,python,21,21,A11-conv-core,PENDING,,,0,0,no,no,yes,no,no,0,PENDING,
conversas/app/models/tag.py,yes,,conv-models,python,41,41,A11-conv-core,PENDING,,,0,0,no,no,yes,no,no,0,PENDING,
conversas/app/models/template.py,yes,,conv-models,python,118,118,A11-conv-core,PENDING,,,0,0,no,no,yes,no,no,0,PENDING,
conversas/app/routers/__init__.py,yes,,conv-routers,python,1,1,A09-conv-routers,PENDING,,,0,0,no,no,no,no,no,0,PENDING,
conversas/app/routers/api_config.py,yes,,conv-routers,python,129,129,A09-conv-routers,PENDING,,,0,0,yes,yes,no,no,no,0,PENDING,
conversas/app/routers/auth.py,yes,,conv-routers,python,156,156,A09-conv-routers,PENDING,,,0,0,yes,no,no,no,no,0,PENDING,
conversas/app/routers/conversations.py,yes,,conv-routers,python,1218,1218,A09-conv-routers,PENDING,,,0,0,no,no,no,no,no,0,PENDING,
conversas/app/routers/media.py,yes,,conv-routers,python,85,85,A09-conv-routers,PENDING,,,0,0,no,no,no,no,no,0,PENDING,
conversas/app/routers/notes.py,yes,,conv-routers,python,86,86,A09-conv-routers,PENDING,,,0,0,no,no,no,no,no,0,PENDING,
conversas/app/routers/pages.py,yes,,conv-routers,python,43,43,A09-conv-routers,PENDING,,,0,0,no,no,no,no,no,0,PENDING,
conversas/app/routers/quick_replies.py,yes,,conv-routers,python,173,173,A09-conv-routers,PENDING,,,0,0,no,no,no,no,no,0,PENDING,
conversas/app/routers/settings.py,yes,,conv-routers,python,105,105,A09-conv-routers,PENDING,,,0,0,no,no,no,no,no,0,PENDING,
conversas/app/routers/tags.py,yes,,conv-routers,python,142,142,A09-conv-routers,PENDING,,,0,0,no,no,no,no,no,0,PENDING,
conversas/app/routers/templates.py,yes,,conv-routers,python,534,534,A09-conv-routers,PENDING,,,0,0,no,no,no,no,no,0,PENDING,
conversas/app/routers/variables.py,yes,,conv-routers,python,307,307,A09-conv-routers,PENDING,,,0,0,no,no,no,no,no,0,PENDING,
conversas/app/routers/webhook.py,yes,,conv-integration,python,700,700,A10-conv-integr,PENDING,,,0,0,yes,no,no,yes,no,0,PENDING,
conversas/app/schemas/__init__.py,yes,,conv-models,python,1,1,A11-conv-core,PENDING,,,0,0,no,no,yes,no,no,0,PENDING,
conversas/app/schemas/api_config.py,yes,,conv-models,python,57,57,A11-conv-core,PENDING,,,0,0,yes,yes,yes,no,no,0,PENDING,
conversas/app/schemas/conversation.py,yes,,conv-models,python,158,158,A11-conv-core,PENDING,,,0,0,no,no,yes,no,no,0,PENDING,
conversas/app/schemas/message_variable.py,yes,,conv-models,python,169,169,A11-conv-core,PENDING,,,0,0,no,no,yes,no,no,0,PENDING,
conversas/app/schemas/quick_reply.py,yes,,conv-models,python,37,37,A11-conv-core,PENDING,,,0,0,no,no,yes,no,no,0,PENDING,
conversas/app/schemas/settings.py,yes,,conv-models,python,54,54,A11-conv-core,PENDING,,,0,0,no,no,yes,no,no,0,PENDING,
conversas/app/schemas/template.py,yes,,conv-models,python,128,128,A11-conv-core,PENDING,,,0,0,no,no,yes,no,no,0,PENDING,
conversas/app/seed.py,yes,,conv-core,python,255,255,A11-conv-core,PENDING,,,0,0,yes,no,no,no,no,0,PENDING,
conversas/app/services/__init__.py,yes,,conv-services,python,1,1,A10-conv-integr,PENDING,,,0,0,no,no,no,no,no,0,PENDING,
conversas/app/services/crm.py,yes,,conv-integration,python,509,509,A10-conv-integr,PENDING,,,0,0,no,no,no,yes,no,0,PENDING,
conversas/app/services/media_policy.py,yes,,conv-services,python,96,96,A10-conv-integr,PENDING,,,0,0,yes,no,no,no,no,0,PENDING,
conversas/app/services/media_storage.py,yes,,conv-services,python,171,171,A10-conv-integr,PENDING,,,0,0,no,no,no,no,no,0,PENDING,
conversas/app/services/meta_templates.py,yes,,conv-integration,python,720,720,A10-conv-integr,PENDING,,,0,0,no,no,no,yes,no,0,PENDING,
conversas/app/services/outbound.py,yes,,conv-integration,python,210,210,A10-conv-integr,PENDING,,,0,0,no,no,no,yes,no,0,PENDING,
conversas/app/services/variables.py,yes,,conv-services,python,631,631,A10-conv-integr,PENDING,,,0,0,no,no,no,no,no,0,PENDING,
conversas/app/services/whatsapp.py,yes,,conv-integration,python,406,406,A10-conv-integr,PENDING,,,0,0,no,no,no,yes,no,0,PENDING,
conversas/requirements.txt,yes,,conv-runtime,text,9,9,A14-devops,PENDING,,,0,0,no,no,no,no,no,0,PENDING,
conversas/static/css/conversas.css,yes,,conv-frontend,css,2013,2013,A12-conv-frontend,PENDING,,,0,0,no,no,no,no,no,0,PENDING,
conversas/static/img/logo.png,no,"binary static asset, no logic",asset,,2739,0,,N/A,,,0,0,no,no,no,no,no,0,EXCLUDED,
conversas/static/js/auth.js,yes,,conv-frontend,javascript,74,74,A12-conv-frontend,PENDING,,,0,0,yes,no,no,no,no,0,PENDING,
conversas/static/js/conversas.js,yes,,conv-frontend,javascript,2423,2423,A12-conv-frontend,PENDING,,,0,0,no,no,no,no,no,0,PENDING,
conversas/static/js/page-shell.js,yes,,conv-frontend,javascript,39,39,A12-conv-frontend,PENDING,,,0,0,no,no,no,no,no,0,PENDING,
conversas/static/js/settings.js,yes,,conv-frontend,javascript,701,701,A12-conv-frontend,PENDING,,,0,0,no,no,no,no,no,0,PENDING,
conversas/static/js/templates.js,yes,,conv-frontend,javascript,516,516,A12-conv-frontend,PENDING,,,0,0,no,no,no,no,no,0,PENDING,
conversas/static/manifest.json,yes,,conv-frontend,json,18,18,A12-conv-frontend,PENDING,,,0,0,no,no,no,no,no,0,PENDING,
conversas/templates/conversas.html,yes,,conv-frontend,jinja2-html,346,346,A12-conv-frontend,PENDING,,,0,0,no,no,no,no,no,0,PENDING,
conversas/templates/login.html,yes,,conv-frontend,jinja2-html,225,225,A12-conv-frontend,PENDING,,,0,0,no,no,no,no,no,0,PENDING,
conversas/templates/settings.html,yes,,conv-frontend,jinja2-html,337,337,A12-conv-frontend,PENDING,,,0,0,no,no,no,no,no,0,PENDING,
conversas/templates/templates.html,yes,,conv-frontend,jinja2-html,192,192,A12-conv-frontend,PENDING,,,0,0,no,no,no,no,no,0,PENDING,
docker-compose.yml,yes,,runtime-devops,yaml,141,141,A14-devops,PENDING,,,0,0,no,yes,no,no,no,0,PENDING,
docker/postgres/init-hardening.sh,yes,,db-runtime,bash,17,17,A13-db,PENDING,,,0,0,yes,yes,no,no,no,0,PENDING,
docker/postgres/init.sql,yes,,db-runtime,sql,66,66,A13-db,PENDING,,,0,0,no,no,yes,no,no,0,PENDING,
docker/postgres/pg_hba.conf,yes,,db-runtime,conf,26,26,A13-db,PENDING,,,0,0,yes,yes,no,no,no,0,PENDING,
docker/postgres/postgresql.conf,yes,,db-runtime,conf,32,32,A13-db,PENDING,,,0,0,no,yes,yes,no,no,0,PENDING,
docs/arquitetura_workflows_n8n.md,yes,,docs,markdown,607,607,A18-content,PENDING,,,0,0,no,no,no,yes,no,0,PENDING,
docs/auditoria/ARQUITETURA_MODULAR_CLEAN_BNA_CRM.md,yes,,docs,markdown,38,38,A18-content,PENDING,,,0,0,no,no,no,no,no,0,PENDING,
docs/auditoria/AUDITORIA_SEVERA_BNA_CRM.md,yes,,docs,markdown,82,82,A18-content,PENDING,,,0,0,no,no,no,no,no,0,PENDING,
docs/auditoria/CHECKLIST_SEGURANCA_PRODUCAO_BNA_CRM.md,yes,,docs,markdown,53,53,A18-content,PENDING,,,0,0,no,no,no,no,no,0,PENDING,
docs/auditoria/FRONTEND_UX_AUDIT_BNA_CRM.md,yes,,docs,markdown,28,28,A18-content,PENDING,,,0,0,no,no,no,no,no,0,PENDING,
docs/auditoria/PLANO_CORRECAO_MODULARIZACAO_BNA_CRM.md,yes,,docs,markdown,59,59,A18-content,PENDING,,,0,0,no,no,no,no,no,0,PENDING,
docs/auditoria/WP_DATA_01_SCHEMA_LEADS.md,yes,,docs,markdown,50,50,A18-content,PENDING,,,0,0,no,no,no,no,no,0,PENDING,
docs/n8n-toolHttpRequest-guia.md,yes,,docs,markdown,212,212,A18-content,PENDING,,,0,0,no,no,no,yes,no,0,PENDING,
docs/n8n_guardrails_02_implementation_prep.md,yes,,docs,markdown,193,193,A18-content,PENDING,,,0,0,no,no,no,yes,no,0,PENDING,
docs/n8n_guardrails_plan.md,yes,,docs,markdown,268,268,A18-content,PENDING,,,0,0,no,no,no,yes,no,0,PENDING,
docs/perpetua_internal_auth.md,yes,,docs,markdown,120,120,A18-content,PENDING,,,0,0,yes,no,no,no,no,0,PENDING,
docs/perpetua_pdf_generation.md,yes,,docs,markdown,92,92,A18-content,PENDING,,,0,0,no,no,no,no,no,0,PENDING,
docs/perpetua_production_drift.md,yes,,docs,markdown,92,92,A18-content,PENDING,,,0,0,no,no,no,no,no,0,PENDING,
docs/wps/REGISTRO_WP_OP_UI.md,yes,,docs,markdown,54,54,A18-content,PENDING,,,0,0,no,no,no,no,no,0,PENDING,
docs/wps/REGISTRO_WP_UX_02_03.md,yes,,docs,markdown,67,67,A18-content,PENDING,,,0,0,no,no,no,no,no,0,PENDING,
docs/wps/REGISTRO_WP_UX_04.md,yes,,docs,markdown,54,54,A18-content,PENDING,,,0,0,no,no,no,no,no,0,PENDING,
docs/wps/WP_GI_01_SDD_GESTAO_INTERNA.md,yes,,docs,markdown,92,92,A18-content,PENDING,,,0,0,no,no,no,no,no,0,PENDING,
migrations/README.md,yes,,db-migrations,markdown,39,39,A13-db,PENDING,,,0,0,no,no,yes,no,no,0,PENDING,
migrations/__init__.py,yes,,db-migrations,python,2,2,A13-db,PENDING,,,0,0,no,no,yes,no,no,0,PENDING,
migrations/m001_schema_drift_leads_tasks.py,yes,,db-migrations,python,93,93,A13-db,PENDING,,,0,0,no,no,yes,no,no,0,PENDING,
migrations/m002_internal_tasks.py,yes,,db-migrations,python,40,40,A13-db,PENDING,,,0,0,no,no,yes,no,no,0,PENDING,
migrations/m003_conversas_message_error_fields.py,yes,,db-migrations,python,75,75,A13-db,PENDING,,,0,0,no,no,yes,no,no,0,PENDING,
migrations/m004_conversas_media_assets.py,yes,,db-migrations,python,55,55,A13-db,PENDING,,,0,0,no,no,yes,no,no,0,PENDING,
migrations/m005_conversas_tags.py,yes,,db-migrations,python,53,53,A13-db,PENDING,,,0,0,no,no,yes,no,no,0,PENDING,
migrations/m006_conversas_notes.py,yes,,db-migrations,python,43,43,A13-db,PENDING,,,0,0,no,no,yes,no,no,0,PENDING,
migrations/m007_conversas_message_variables.py,yes,,db-migrations,python,45,45,A13-db,PENDING,,,0,0,no,no,yes,no,no,0,PENDING,
migrations/m008_conversas_queued_at.py,yes,,db-migrations,python,117,117,A13-db,PENDING,,,0,0,no,no,yes,no,no,0,PENDING,
migrations/m009_conversas_service_templates.py,yes,,db-migrations,python,99,99,A13-db,PENDING,,,0,0,no,no,yes,no,no,0,PENDING,
migrations/m010_conversas_template_param_maps.py,yes,,db-migrations,python,97,97,A13-db,PENDING,,,0,0,no,no,yes,no,no,0,PENDING,
n8n/docker-compose.yml,yes,,integration-n8n,yaml,26,26,A17-n8n,PENDING,,,0,0,no,yes,no,yes,no,0,PENDING,
n8n/workflows/Agente Gerenciador de Leads — BnA (1).json,yes,,integration-n8n,json,850,850,A17-n8n,PENDING,,,0,0,no,yes,no,yes,no,0,PENDING,
n8n/workflows/Analista de Métricas.json,yes,,integration-n8n,json,345,345,A17-n8n,PENDING,,,0,0,no,yes,no,yes,no,0,PENDING,
n8n/workflows/Envio de Tarefas por Responsável (1).json,yes,,integration-n8n,json,171,171,A17-n8n,PENDING,,,0,0,no,yes,no,yes,no,0,PENDING,
n8n/workflows/Notificação WhatsApp.json,yes,,integration-n8n,json,155,155,A17-n8n,PENDING,,,0,0,no,yes,no,yes,no,0,PENDING,
n8n/workflows/README.md,yes,,integration-n8n,markdown,50,50,A17-n8n,PENDING,,,0,0,no,yes,no,yes,no,0,PENDING,
n8n/workflows/WF-01 Agente Bia (1).json,yes,,integration-n8n,json,274,274,A17-n8n,PENDING,,,0,0,no,yes,no,yes,no,0,PENDING,
n8n/workflows/live_exports/20260708_1443/Agente_Gerenciador_de_Leads_BnA.json,yes,,integration-n8n,json,788,788,A17-n8n,PENDING,,,0,0,no,yes,no,yes,no,0,PENDING,
n8n/workflows/live_exports/20260708_1443/Analista_de_Metricas.json,yes,,integration-n8n,json,329,329,A17-n8n,PENDING,,,0,0,no,yes,no,yes,no,0,PENDING,
n8n/workflows/live_exports/20260708_1443/Envio_de_Tarefas_por_Responsavel.json,yes,,integration-n8n,json,173,173,A17-n8n,PENDING,,,0,0,no,yes,no,yes,no,0,PENDING,
n8n/workflows/live_exports/20260708_1443/Gerente_Autonomo_de_Tarefas_IA.json,yes,,integration-n8n,json,281,281,A17-n8n,PENDING,,,0,0,no,yes,no,yes,no,0,PENDING,
n8n/workflows/live_exports/20260708_1443/Notificacao_WhatsApp.json,yes,,integration-n8n,json,144,144,A17-n8n,PENDING,,,0,0,no,yes,no,yes,no,0,PENDING,
n8n/workflows/live_exports/20260708_1443/README.md,yes,,integration-n8n,markdown,59,59,A17-n8n,PENDING,,,0,0,no,yes,no,yes,no,0,PENDING,
n8n/workflows/live_exports/20260708_1443/WF-01_Agente_Bia.json,yes,,integration-n8n,json,276,276,A17-n8n,PENDING,,,0,0,no,yes,no,yes,no,0,PENDING,
requirements.txt,yes,,other,text,18,18,A16-scripts,PENDING,,,0,0,no,no,no,no,no,0,PENDING,
scripts/backup_postgres.sh,yes,,scripts,bash,46,46,A16-scripts,PENDING,,,0,0,no,yes,no,no,no,0,PENDING,
scripts/check_readonly_db.py,yes,,scripts,python,85,85,A16-scripts,PENDING,,,0,0,no,no,no,no,no,0,PENDING,
scripts/check_users.py,yes,,scripts,python,9,9,A16-scripts,PENDING,,,0,0,no,no,no,no,no,0,PENDING,
scripts/redesign_templates.py,yes,,scripts,python,171,171,A16-scripts,PENDING,,,0,0,no,no,no,no,no,0,PENDING,
scripts/smoke_seed_conversas.py,yes,,scripts,python,299,299,A16-scripts,PENDING,,,0,0,yes,no,no,no,no,0,PENDING,
scripts/validate_bna_agent_context.py,yes,,scripts,python,172,172,A16-scripts,PENDING,,,0,0,no,no,no,no,no,0,PENDING,
static/css/base.css,yes,,crm-frontend,css,112,112,A08-frontend,PENDING,,,0,0,no,no,no,no,no,0,PENDING,
static/css/components.css,yes,,crm-frontend,css,449,449,A08-frontend,PENDING,,,0,0,no,no,no,no,no,0,PENDING,
static/css/layout.css,yes,,crm-frontend,css,296,296,A08-frontend,PENDING,,,0,0,no,no,no,no,no,0,PENDING,
static/css/login.css,yes,,crm-frontend,css,349,349,A08-frontend,PENDING,,,0,0,no,no,no,no,no,0,PENDING,
static/css/variables.css,yes,,crm-frontend,css,120,120,A08-frontend,PENDING,,,0,0,no,no,no,no,no,0,PENDING,
static/img/logo.png,no,"binary static asset, no logic",asset,,2739,0,,N/A,,,0,0,no,no,no,no,no,0,EXCLUDED,
static/js/auth.js,yes,,crm-frontend,javascript,108,108,A08-frontend,PENDING,,,0,0,yes,no,no,no,no,0,PENDING,
static/js/layout.js,yes,,crm-frontend,javascript,59,59,A08-frontend,PENDING,,,0,0,no,no,no,no,no,0,PENDING,
static/js/login.js,yes,,crm-frontend,javascript,146,146,A08-frontend,PENDING,,,0,0,no,no,no,no,no,0,PENDING,
static/js/notifications.js,yes,,crm-frontend,javascript,146,146,A08-frontend,PENDING,,,0,0,no,no,no,no,no,0,PENDING,
templates/ai.html,yes,,crm-frontend,jinja2-html,930,930,A08-frontend,PENDING,,,0,0,no,no,no,no,no,0,PENDING,
templates/base.html,yes,,crm-frontend,jinja2-html,62,62,A08-frontend,PENDING,,,0,0,no,no,no,no,no,0,PENDING,
templates/dashboard.html,yes,,crm-frontend,jinja2-html,320,320,A08-frontend,PENDING,,,0,0,no,no,no,no,no,0,PENDING,
templates/equipes.html,yes,,crm-frontend,jinja2-html,818,818,A08-frontend,PENDING,,,0,0,no,no,no,no,no,0,PENDING,
templates/gestao/pendencias.html,yes,,crm-frontend,jinja2-html,312,312,A08-frontend,PENDING,,,0,0,no,no,no,no,no,0,PENDING,
templates/hub.html,yes,,crm-frontend,jinja2-html,137,137,A08-frontend,PENDING,,,0,0,no,no,no,no,no,0,PENDING,
templates/leads.html,yes,,crm-frontend,jinja2-html,933,933,A08-frontend,PENDING,,,0,0,no,no,no,no,no,0,PENDING,
templates/login.html,yes,,crm-frontend,jinja2-html,114,114,A08-frontend,PENDING,,,0,0,no,no,no,no,no,0,PENDING,
templates/operational/boards.html,yes,,crm-frontend,jinja2-html,242,242,A08-frontend,PENDING,,,0,0,no,no,no,no,no,0,PENDING,
templates/operational/kanban.html,yes,,crm-frontend,jinja2-html,1000,1000,A08-frontend,PENDING,,,0,0,no,no,no,no,no,0,PENDING,
templates/operational/pending.html,yes,,crm-frontend,jinja2-html,194,194,A08-frontend,PENDING,,,0,0,no,no,no,no,no,0,PENDING,
templates/partials/_lead_edit_modal.html,yes,,crm-frontend,jinja2-html,715,715,A08-frontend,PENDING,,,0,0,no,no,no,no,no,0,PENDING,
templates/partials/_sidebar.html,yes,,crm-frontend,jinja2-html,124,124,A08-frontend,PENDING,,,0,0,no,no,no,no,no,0,PENDING,
templates/partials/_topbar.html,yes,,crm-frontend,jinja2-html,44,44,A08-frontend,PENDING,,,0,0,no,no,no,no,no,0,PENDING,
templates/pipeline.html,yes,,crm-frontend,jinja2-html,1381,1381,A08-frontend,PENDING,,,0,0,no,no,no,no,no,0,PENDING,
templates/relatorios.html,yes,,crm-frontend,jinja2-html,231,231,A08-frontend,PENDING,,,0,0,no,no,no,no,no,0,PENDING,
templates/segmentacao.html,yes,,crm-frontend,jinja2-html,646,646,A08-frontend,PENDING,,,0,0,no,no,no,no,no,0,PENDING,
templates/tags.html,yes,,crm-frontend,jinja2-html,244,244,A08-frontend,PENDING,,,0,0,no,no,no,no,no,0,PENDING,
templates/tarefas.html,yes,,crm-frontend,jinja2-html,572,572,A08-frontend,PENDING,,,0,0,no,no,no,no,no,0,PENDING,
test_db.py,yes,,scripts,python,17,17,A16-scripts,PENDING,,,0,0,no,no,no,no,no,0,PENDING,
tests/README.md,yes,,tests,markdown,29,29,A15-tests,PENDING,,,0,0,no,no,no,no,yes,0,PENDING,
tests/test_auth_session_consistency.py,yes,,tests,python,403,403,A15-tests,PENDING,,,0,0,yes,no,no,no,yes,0,PENDING,
tests/test_conversas_admin_role.py,yes,,tests,python,240,240,A15-tests,PENDING,,,0,0,no,no,no,no,yes,0,PENDING,
tests/test_conversas_agent_timeout.py,yes,,tests,python,376,376,A15-tests,PENDING,,,0,0,no,no,no,no,yes,0,PENDING,
tests/test_conversas_assignment_notes.py,yes,,tests,python,219,219,A15-tests,PENDING,,,0,0,no,no,no,no,yes,0,PENDING,
tests/test_conversas_audio.py,yes,,tests,python,274,274,A15-tests,PENDING,,,0,0,no,no,no,no,yes,0,PENDING,
tests/test_conversas_auth_local.py,yes,,tests,python,171,171,A15-tests,PENDING,,,0,0,yes,no,no,no,yes,0,PENDING,
tests/test_conversas_hotfix_filters_resp.py,yes,,tests,python,246,246,A15-tests,PENDING,,,0,0,no,no,no,no,yes,0,PENDING,
tests/test_conversas_inbox_filters.py,yes,,tests,python,498,498,A15-tests,PENDING,,,0,0,no,no,no,no,yes,0,PENDING,
tests/test_conversas_media_foundation.py,yes,,tests,python,247,247,A15-tests,PENDING,,,0,0,no,no,no,no,yes,0,PENDING,
tests/test_conversas_media_storage.py,yes,,tests,python,308,308,A15-tests,PENDING,,,0,0,no,no,no,no,yes,0,PENDING,
tests/test_conversas_media_types.py,yes,,tests,python,236,236,A15-tests,PENDING,,,0,0,no,no,no,no,yes,0,PENDING,
tests/test_conversas_mobile_pwa.py,yes,,tests,python,209,209,A15-tests,PENDING,,,0,0,no,no,no,no,yes,0,PENDING,
tests/test_conversas_mobile_responsive_refinement.py,yes,,tests,python,245,245,A15-tests,PENDING,,,0,0,no,no,no,no,yes,0,PENDING,
tests/test_conversas_notifications.py,yes,,tests,python,205,205,A15-tests,PENDING,,,0,0,no,no,no,no,yes,0,PENDING,
tests/test_conversas_operational_state.py,yes,,tests,python,461,461,A15-tests,PENDING,,,0,0,no,no,no,no,yes,0,PENDING,
tests/test_conversas_outbound.py,yes,,tests,python,175,175,A15-tests,PENDING,,,0,0,no,no,no,yes,yes,0,PENDING,
tests/test_conversas_outbound_integrity.py,yes,,tests,python,427,427,A15-tests,PENDING,,,0,0,no,no,no,yes,yes,0,PENDING,
tests/test_conversas_queue.py,yes,,tests,python,198,198,A15-tests,PENDING,,,0,0,no,no,no,no,yes,0,PENDING,
tests/test_conversas_quick_replies.py,yes,,tests,python,165,165,A15-tests,PENDING,,,0,0,no,no,no,no,yes,0,PENDING,
tests/test_conversas_security.py,yes,,tests,python,60,60,A15-tests,PENDING,,,0,0,yes,no,no,no,yes,0,PENDING,
tests/test_conversas_service_window.py,yes,,tests,python,608,608,A15-tests,PENDING,,,0,0,no,no,no,no,yes,0,PENDING,
tests/test_conversas_smoke_seed.py,yes,,tests,python,188,188,A15-tests,PENDING,,,0,0,yes,no,no,no,yes,0,PENDING,
tests/test_conversas_tags.py,yes,,tests,python,181,181,A15-tests,PENDING,,,0,0,no,no,no,no,yes,0,PENDING,
tests/test_conversas_tags_sync.py,yes,,tests,python,240,240,A15-tests,PENDING,,,0,0,no,no,no,no,yes,0,PENDING,
tests/test_conversas_template_curation.py,yes,,tests,python,430,430,A15-tests,PENDING,,,0,0,no,no,no,no,yes,0,PENDING,
tests/test_conversas_template_param_map.py,yes,,tests,python,493,493,A15-tests,PENDING,,,0,0,no,no,no,no,yes,0,PENDING,
tests/test_conversas_template_variables.py,yes,,tests,python,496,496,A15-tests,PENDING,,,0,0,no,no,no,no,yes,0,PENDING,
tests/test_conversas_variables.py,yes,,tests,python,1043,1043,A15-tests,PENDING,,,0,0,no,no,no,no,yes,0,PENDING,
tests/test_conversas_webhook.py,yes,,tests,python,237,237,A15-tests,PENDING,,,0,0,yes,no,no,yes,yes,0,PENDING,
tests/test_hub.py,yes,,tests,python,90,90,A15-tests,PENDING,,,0,0,no,no,no,no,yes,0,PENDING,
tests/test_infra_compose_guard.py,yes,,tests,python,83,83,A15-tests,PENDING,,,0,0,no,no,no,no,yes,0,PENDING,
tests/test_internal_tasks.py,yes,,tests,python,168,168,A15-tests,PENDING,,,0,0,no,no,no,no,yes,0,PENDING,
tests/test_kanban_ui.py,yes,,tests,python,77,77,A15-tests,PENDING,,,0,0,no,no,no,no,yes,0,PENDING,
tests/test_leads_deeplink_pinned.py,yes,,tests,python,645,645,A15-tests,PENDING,,,0,0,no,no,no,no,yes,0,PENDING,
tests/test_leads_destino_filter_dialect.py,yes,,tests,python,94,94,A15-tests,PENDING,,,0,0,no,no,no,no,yes,0,PENDING,
tests/test_leads_keyset_pagination.py,yes,,tests,python,1005,1005,A15-tests,PENDING,,,0,0,no,no,no,no,yes,0,PENDING,
tests/test_leads_responsavel_atomic.py,yes,,tests,python,167,167,A15-tests,PENDING,,,0,0,no,no,no,no,yes,0,PENDING,
tests/test_leads_segment_drift.py,yes,,tests,python,208,208,A15-tests,PENDING,,,0,0,no,no,no,no,yes,0,PENDING,
tests/test_notifications_ui.py,yes,,tests,python,88,88,A15-tests,PENDING,,,0,0,no,no,no,no,yes,0,PENDING,
tests/test_perf_query_count.py,yes,,tests,python,185,185,A15-tests,PENDING,,,0,0,no,no,no,no,yes,0,PENDING,
tests/test_perpetua_internal_auth.py,yes,,tests,python,306,306,A15-tests,PENDING,,,0,0,yes,no,no,no,yes,0,PENDING,
tests/test_perpetua_pdf_generation.py,yes,,tests,python,213,213,A15-tests,PENDING,,,0,0,no,no,no,no,yes,0,PENDING,
tests/test_pipeline_inline_lead_edit.py,yes,,tests,python,559,559,A15-tests,PENDING,,,0,0,no,no,no,no,yes,0,PENDING,
tests/test_pipeline_review_final.py,yes,,tests,python,458,458,A15-tests,PENDING,,,0,0,no,no,no,no,yes,0,PENDING,
tests/test_pipeline_stage_pagination.py,yes,,tests,python,446,446,A15-tests,PENDING,,,0,0,no,no,no,no,yes,0,PENDING,
tests/test_pipeline_target_clear.py,yes,,tests,python,333,333,A15-tests,PENDING,,,0,0,no,no,no,no,yes,0,PENDING,
tests/test_pipeline_target_highlight.py,yes,,tests,python,253,253,A15-tests,PENDING,,,0,0,no,no,no,no,yes,0,PENDING,
tests/test_rate_limit.py,yes,,tests,python,55,55,A15-tests,PENDING,,,0,0,no,no,no,no,yes,0,PENDING,
tests/test_render_templates.py,yes,,tests,python,94,94,A15-tests,PENDING,,,0,0,no,no,no,no,yes,0,PENDING,
tests/test_security_greps.py,yes,,tests,python,71,71,A15-tests,PENDING,,,0,0,yes,no,no,no,yes,0,PENDING,
tests/test_segments_sql_count.py,yes,,tests,python,744,744,A15-tests,PENDING,,,0,0,no,no,no,no,yes,0,PENDING,
update_templates.py,yes,,scripts,python,28,28,A16-scripts,PENDING,,,0,0,no,no,no,no,no,0,PENDING,
